,days
0,21
1,195
2,264
3,386
4,560
5,629
6,751
7,925
8,994
9,1116
10,1290
11,1359
12,1481
13,1655
14,1724
15,1846
16,2020
17,2089
18,2211
19,2385
20,2454
21,2576
22,2750
23,2819
24,2941
25,3115
26,3184
27,3306
28,3480
29,3549
30,3671
31,3845
32,3914
33,4036
34,4210
35,4279
36,4401
37,4575
38,4644
39,4766
40,4940
41,5009
42,5131
43,5305
44,5374
45,5496
46,5670
47,5739
48,5861
49,6035
50,6104
51,6226
52,6400
53,6469
54,6591
55,6765
56,6834
57,6956
58,7130
59,7199
60,7321
61,7495
62,7564
63,7686
64,7860
65,7929
66,8051
67,8225
68,8294
69,8416
70,8590
71,8659
72,8781
73,8955
74,9024
75,9146
76,9320
77,9389
78,9511
79,9685
80,9754
81,9876
82,10050
83,10119
84,10241
85,10415
86,10484
87,10606
88,10780
89,10849
90,10971
91,11145
92,11214
93,11336
94,11510
95,11579
96,11701
97,11875
98,11944
99,12066
100,12240
101,12309
102,12431
103,12605
104,12674
105,12796
106,12970
107,13039
108,13161
109,13335
110,13404
111,13526
112,13700
113,13769
114,13891
115,14065
116,14134
117,14256
118,14430
119,14499
120,14621
121,14795
122,14864
123,14986
124,15160
125,15229
126,15351
127,15525
128,15594
129,15716
130,15890
131,15959
132,16081
133,16255
134,16324
135,16446
136,16620
137,16689
138,16811
139,16985
140,17054
141,17176
142,17350
143,17419
144,17541
145,17715
146,17784
147,17906
148,18080
149,18149
150,18271
151,18445
152,18514
153,18636
154,18810
155,18879
156,19001
157,19175
158,19244
159,19366
160,19540
161,19609
162,19731
163,19905
164,19974
165,20096
166,20270
167,20339
168,20461
169,20635
170,20704
171,20826
172,21000
173,21069
174,21191
175,21365
176,21434
177,21556
178,21730
179,21799
180,21921
181,22095
182,22164
183,22286
184,22460
185,22529
186,22651
187,22825
188,22894
189,23016
190,23190
191,23259
192,23381
193,23555
194,23624
195,23746
196,23920
197,23989
